"0","str(pop_proj_data_df)"
"1","List"
"1",""
"1"," of "
"1",""
"1","1000"
"1",""
"1","
"
"1"," "
"1",""
"1","$ "
"1",""
"1",""
"1",""
"1",":"
"1"," Named chr [1:3] "
"1",""
"1","""20"" ""2751"" ""1990"""
"1",""
"1","
"
"1","  .."
"1",""
"1","- attr(*, ""names"")="
"2","Warning:"
"2"," closing unused connection 3 (/Users/lade/Documents/Tosin_R_root/boulder_flood_geolocated_tweets.json)
"
"1"," chr [1:3] "
"1",""
"1","""age"" ""femalepopulation"" ""year"""
"1",""
"1","
"
"1"," "
"1",""
"1","$ "
"1",""
"1",""
"1",""
"1",":"
"1"," Named chr [1:3] "
"1",""
"1","""21"" ""2615"" ""1990"""
"1",""
"1","
"
"1","  .."
"1",""
"1","- attr(*, ""names"")="
"1"," chr [1:3] "
"1",""
"1","""age"" ""femalepopulation"" ""year"""
"1",""
"1","
"
"1"," "
"1",""
"1","$ "
"1",""
"1",""
"1",""
"1",":"
"1"," Named chr [1:3] "
"1",""
"1","""22"" ""2167"" ""1990"""
"1",""
"1","
"
"1","  .."
"1",""
"1","- attr(*, ""names"")="
"1"," chr [1:3] "
"1",""
"1","""age"" ""femalepopulation"" ""year"""
"1",""
"1","
"
"1"," "
"1",""
"1","$ "
"1",""
"1",""
"1",""
"1",":"
"1"," Named chr [1:3] "
"1",""
"1","""23"" ""1798"" ""1990"""
"1",""
"1","
"
"1","  .."
"1",""
"1","- attr(*, ""names"")="
"1"," chr [1:3] "
"1",""
"1","""age"" ""femalepopulation"" ""year"""
"1",""
"1","
"
"1"," "
"1",""
"1","$ "
"1",""
"1",""
"1",""
"1",":"
"1"," Named chr [1:3] "
"1",""
"1","""24"" ""1692"" ""1990"""
"1",""
"1","
"
"1","  .."
"1",""
"1","- attr(*, ""names"")="
"1"," chr [1:3] "
"1",""
"1","""age"" ""femalepopulation"" ""year"""
"1",""
"1","
"
"1"," "
"1",""
"1","$ "
"1",""
"1",""
"1",""
"1",":"
"1"," Named chr [1:3] "
"1",""
"1","""25"" ""1813"" ""1990"""
"1",""
"1","
"
"1","  .."
"1",""
"1","- attr(*, ""names"")="
"1"," chr [1:3] "
"1",""
"1","""age"" ""femalepopulation"" ""year"""
"1",""
"1","
"
"1"," "
"1",""
"1","$ "
"1",""
"1",""
"1",""
"1",":"
"1"," Named chr [1:3] "
"1",""
"1","""26"" ""1934"" ""1990"""
"1",""
"1","
"
"1","  .."
"1",""
"1","- attr(*, ""names"")="
"1"," chr [1:3] "
"1",""
"1","""age"" ""femalepopulation"" ""year"""
"1",""
"1","
"
"1"," "
"1",""
"1","$ "
"1",""
"1",""
"1",""
"1",":"
"1"," Named chr [1:3] "
"1",""
"1","""27"" ""2094"" ""1990"""
"1",""
"1","
"
"1","  .."
"1",""
"1","- attr(*, ""names"")="
"1"," chr [1:3] "
"1",""
"1","""age"" ""femalepopulation"" ""year"""
"1",""
"1","
"
"1"," "
"1",""
"1","$ "
"1",""
"1",""
"1",""
"1",":"
"1"," Named chr [1:3] "
"1",""
"1","""28"" ""2045"" ""1990"""
"1",""
"1","
"
"1","  .."
"1",""
"1","- attr(*, ""names"")="
"1"," chr [1:3] "
"1",""
"1","""age"" ""femalepopulation"" ""year"""
"1",""
"1","
"
"1"," "
"1",""
"1","$ "
"1",""
"1",""
"1",""
"1",":"
"1"," Named chr [1:3] "
"1",""
"1","""29"" ""2297"" ""1990"""
"1",""
"1","
"
"1","  .."
"1",""
"1","- attr(*, ""names"")="
"1"," chr [1:3] "
"1",""
"1","""age"" ""femalepopulation"" ""year"""
"1",""
"1","
"
"1"," "
"1",""
"1","$ "
"1",""
"1",""
"1",""
"1",":"
"1"," Named chr [1:3] "
"1",""
"1","""30"" ""2315"" ""1990"""
"1",""
"1","
"
"1","  .."
"1",""
"1","- attr(*, ""names"")="
"1"," chr [1:3] "
"1",""
"1","""age"" ""femalepopulation"" ""year"""
"1",""
"1","
"
"1"," "
"1",""
"1","$ "
"1",""
"1",""
"1",""
"1",":"
"1"," Named chr [1:3] "
"1",""
"1","""31"" ""2278"" ""1990"""
"1",""
"1","
"
"1","  .."
"1",""
"1","- attr(*, ""names"")="
"1"," chr [1:3] "
"1",""
"1","""age"" ""femalepopulation"" ""year"""
"1",""
"1","
"
"1"," "
"1",""
"1","$ "
"1",""
"1",""
"1",""
"1",":"
"1"," Named chr [1:3] "
"1",""
"1","""32"" ""2328"" ""1990"""
"1",""
"1","
"
"1","  .."
"1",""
"1","- attr(*, ""names"")="
"1"," chr [1:3] "
"1",""
"1","""age"" ""femalepopulation"" ""year"""
"1",""
"1","
"
"1"," "
"1",""
"1","$ "
"1",""
"1",""
"1",""
"1",":"
"1"," Named chr [1:3] "
"1",""
"1","""33"" ""2328"" ""1990"""
"1",""
"1","
"
"1","  .."
"1",""
"1","- attr(*, ""names"")="
"1"," chr [1:3] "
"1",""
"1","""age"" ""femalepopulation"" ""year"""
"1",""
"1","
"
"1"," "
"1",""
"1","$ "
"1",""
"1",""
"1",""
"1",":"
"1"," Named chr [1:3] "
"1",""
"1","""34"" ""2414"" ""1990"""
"1",""
"1","
"
"1","  .."
"1",""
"1","- attr(*, ""names"")="
"1"," chr [1:3] "
"1",""
"1","""age"" ""femalepopulation"" ""year"""
"1",""
"1","
"
"1"," "
"1",""
"1","$ "
"1",""
"1",""
"1",""
"1",":"
"1"," Named chr [1:3] "
"1",""
"1","""35"" ""2263"" ""1990"""
"1",""
"1","
"
"1","  .."
"1",""
"1","- attr(*, ""names"")="
"1"," chr [1:3] "
"1",""
"1","""age"" ""femalepopulation"" ""year"""
"1",""
"1","
"
"1"," "
"1",""
"1","$ "
"1",""
"1",""
"1",""
"1",":"
"1"," Named chr [1:3] "
"1",""
"1","""36"" ""2229"" ""1990"""
"1",""
"1","
"
"1","  .."
"1",""
"1","- attr(*, ""names"")="
"1"," chr [1:3] "
"1",""
"1","""age"" ""femalepopulation"" ""year"""
"1",""
"1","
"
"1"," "
"1",""
"1","$ "
"1",""
"1",""
"1",""
"1",":"
"1"," Named chr [1:3] "
"1",""
"1","""37"" ""2263"" ""1990"""
"1",""
"1","
"
"1","  .."
"1",""
"1","- attr(*, ""names"")="
"1"," chr [1:3] "
"1",""
"1","""age"" ""femalepopulation"" ""year"""
"1",""
"1","
"
"1"," "
"1",""
"1","$ "
"1",""
"1",""
"1",""
"1",":"
"1"," Named chr [1:3] "
"1",""
"1","""38"" ""2132"" ""1990"""
"1",""
"1","
"
"1","  .."
"1",""
"1","- attr(*, ""names"")="
"1"," chr [1:3] "
"1",""
"1","""age"" ""femalepopulation"" ""year"""
"1",""
"1","
"
"1"," "
"1",""
"1","$ "
"1",""
"1",""
"1",""
"1",":"
"1"," Named chr [1:3] "
"1",""
"1","""39"" ""2176"" ""1990"""
"1",""
"1","
"
"1","  .."
"1",""
"1","- attr(*, ""names"")="
"1"," chr [1:3] "
"1",""
"1","""age"" ""femalepopulation"" ""year"""
"1",""
"1","
"
"1"," "
"1",""
"1","$ "
"1",""
"1",""
"1",""
"1",":"
"1"," Named chr [1:3] "
"1",""
"1","""40"" ""2082"" ""1990"""
"1",""
"1","
"
"1","  .."
"1",""
"1","- attr(*, ""names"")="
"1"," chr [1:3] "
"1",""
"1","""age"" ""femalepopulation"" ""year"""
"1",""
"1","
"
"1"," "
"1",""
"1","$ "
"1",""
"1",""
"1",""
"1",":"
"1"," Named chr [1:3] "
"1",""
"1","""20"" ""2736"" ""1991"""
"1",""
"1","
"
"1","  .."
"1",""
"1","- attr(*, ""names"")="
"1"," chr [1:3] "
"1",""
"1","""age"" ""femalepopulation"" ""year"""
"1",""
"1","
"
"1"," "
"1",""
"1","$ "
"1",""
"1",""
"1",""
"1",":"
"1"," Named chr [1:3] "
"1",""
"1","""21"" ""2612"" ""1991"""
"1",""
"1","
"
"1","  .."
"1",""
"1","- attr(*, ""names"")="
"1"," chr [1:3] "
"1",""
"1","""age"" ""femalepopulation"" ""year"""
"1",""
"1","
"
"1"," "
"1",""
"1","$ "
"1",""
"1",""
"1",""
"1",":"
"1"," Named chr [1:3] "
"1",""
"1","""22"" ""2207"" ""1991"""
"1",""
"1","
"
"1","  .."
"1",""
"1","- attr(*, ""names"")="
"1"," chr [1:3] "
"1",""
"1","""age"" ""femalepopulation"" ""year"""
"1",""
"1","
"
"1"," "
"1",""
"1","$ "
"1",""
"1",""
"1",""
"1",":"
"1"," Named chr [1:3] "
"1",""
"1","""23"" ""1830"" ""1991"""
"1",""
"1","
"
"1","  .."
"1",""
"1","- attr(*, ""names"")="
"1"," chr [1:3] "
"1",""
"1","""age"" ""femalepopulation"" ""year"""
"1",""
"1","
"
"1"," "
"1",""
"1","$ "
"1",""
"1",""
"1",""
"1",":"
"1"," Named chr [1:3] "
"1",""
"1","""24"" ""1726"" ""1991"""
"1",""
"1","
"
"1","  .."
"1",""
"1","- attr(*, ""names"")="
"1"," chr [1:3] "
"1",""
"1","""age"" ""femalepopulation"" ""year"""
"1",""
"1","
"
"1"," "
"1",""
"1","$ "
"1",""
"1",""
"1",""
"1",":"
"1"," Named chr [1:3] "
"1",""
"1","""25"" ""1832"" ""1991"""
"1",""
"1","
"
"1","  .."
"1",""
"1","- attr(*, ""names"")="
"1"," chr [1:3] "
"1",""
"1","""age"" ""femalepopulation"" ""year"""
"1",""
"1","
"
"1"," "
"1",""
"1","$ "
"1",""
"1",""
"1",""
"1",":"
"1"," Named chr [1:3] "
"1",""
"1","""26"" ""1932"" ""1991"""
"1",""
"1","
"
"1","  .."
"1",""
"1","- attr(*, ""names"")="
"1"," chr [1:3] "
"1",""
"1","""age"" ""femalepopulation"" ""year"""
"1",""
"1","
"
"1"," "
"1",""
"1","$ "
"1",""
"1",""
"1",""
"1",":"
"1"," Named chr [1:3] "
"1",""
"1","""27"" ""2090"" ""1991"""
"1",""
"1","
"
"1","  .."
"1",""
"1","- attr(*, ""names"")="
"1"," chr [1:3] "
"1",""
"1","""age"" ""femalepopulation"" ""year"""
"1",""
"1","
"
"1"," "
"1",""
"1","$ "
"1",""
"1",""
"1",""
"1",":"
"1"," Named chr [1:3] "
"1",""
"1","""28"" ""2051"" ""1991"""
"1",""
"1","
"
"1","  .."
"1",""
"1","- attr(*, ""names"")="
"1"," chr [1:3] "
"1",""
"1","""age"" ""femalepopulation"" ""year"""
"1",""
"1","
"
"1"," "
"1",""
"1","$ "
"1",""
"1",""
"1",""
"1",":"
"1"," Named chr [1:3] "
"1",""
"1","""29"" ""2273"" ""1991"""
"1",""
"1","
"
"1","  .."
"1",""
"1","- attr(*, ""names"")="
"1"," chr [1:3] "
"1",""
"1","""age"" ""femalepopulation"" ""year"""
"1",""
"1","
"
"1"," "
"1",""
"1","$ "
"1",""
"1",""
"1",""
"1",":"
"1"," Named chr [1:3] "
"1",""
"1","""30"" ""2310"" ""1991"""
"1",""
"1","
"
"1","  .."
"1",""
"1","- attr(*, ""names"")="
"1"," chr [1:3] "
"1",""
"1","""age"" ""femalepopulation"" ""year"""
"1",""
"1","
"
"1"," "
"1",""
"1","$ "
"1",""
"1",""
"1",""
"1",":"
"1"," Named chr [1:3] "
"1",""
"1","""31"" ""2253"" ""1991"""
"1",""
"1","
"
"1","  .."
"1",""
"1","- attr(*, ""names"")="
"1"," chr [1:3] "
"1",""
"1","""age"" ""femalepopulation"" ""year"""
"1",""
"1","
"
"1"," "
"1",""
"1","$ "
"1",""
"1",""
"1",""
"1",":"
"1"," Named chr [1:3] "
"1",""
"1","""32"" ""2286"" ""1991"""
"1",""
"1","
"
"1","  .."
"1",""
"1","- attr(*, ""names"")="
"1"," chr [1:3] "
"1",""
"1","""age"" ""femalepopulation"" ""year"""
"1",""
"1","
"
"1"," "
"1",""
"1","$ "
"1",""
"1",""
"1",""
"1",":"
"1"," Named chr [1:3] "
"1",""
"1","""33"" ""2296"" ""1991"""
"1",""
"1","
"
"1","  .."
"1",""
"1","- attr(*, ""names"")="
"1"," chr [1:3] "
"1",""
"1","""age"" ""femalepopulation"" ""year"""
"1",""
"1","
"
"1"," "
"1",""
"1","$ "
"1",""
"1",""
"1",""
"1",":"
"1"," Named chr [1:3] "
"1",""
"1","""34"" ""2368"" ""1991"""
"1",""
"1","
"
"1","  .."
"1",""
"1","- attr(*, ""names"")="
"1"," chr [1:3] "
"1",""
"1","""age"" ""femalepopulation"" ""year"""
"1",""
"1","
"
"1"," "
"1",""
"1","$ "
"1",""
"1",""
"1",""
"1",":"
"1"," Named chr [1:3] "
"1",""
"1","""35"" ""2255"" ""1991"""
"1",""
"1","
"
"1","  .."
"1",""
"1","- attr(*, ""names"")="
"1"," chr [1:3] "
"1",""
"1","""age"" ""femalepopulation"" ""year"""
"1",""
"1","
"
"1"," "
"1",""
"1","$ "
"1",""
"1",""
"1",""
"1",":"
"1"," Named chr [1:3] "
"1",""
"1","""36"" ""2228"" ""1991"""
"1",""
"1","
"
"1","  .."
"1",""
"1","- attr(*, ""names"")="
"1"," chr [1:3] "
"1",""
"1","""age"" ""femalepopulation"" ""year"""
"1",""
"1","
"
"1"," "
"1",""
"1","$ "
"1",""
"1",""
"1",""
"1",":"
"1"," Named chr [1:3] "
"1",""
"1","""37"" ""2275"" ""1991"""
"1",""
"1","
"
"1","  .."
"1",""
"1","- attr(*, ""names"")="
"1"," chr [1:3] "
"1",""
"1","""age"" ""femalepopulation"" ""year"""
"1",""
"1","
"
"1"," "
"1",""
"1","$ "
"1",""
"1",""
"1",""
"1",":"
"1"," Named chr [1:3] "
"1",""
"1","""38"" ""2157"" ""1991"""
"1",""
"1","
"
"1","  .."
"1",""
"1","- attr(*, ""names"")="
"1"," chr [1:3] "
"1",""
"1","""age"" ""femalepopulation"" ""year"""
"1",""
"1","
"
"1"," "
"1",""
"1","$ "
"1",""
"1",""
"1",""
"1",":"
"1"," Named chr [1:3] "
"1",""
"1","""39"" ""2204"" ""1991"""
"1",""
"1","
"
"1","  .."
"1",""
"1","- attr(*, ""names"")="
"1"," chr [1:3] "
"1",""
"1","""age"" ""femalepopulation"" ""year"""
"1",""
"1","
"
"1"," "
"1",""
"1","$ "
"1",""
"1",""
"1",""
"1",":"
"1"," Named chr [1:3] "
"1",""
"1","""40"" ""2132"" ""1991"""
"1",""
"1","
"
"1","  .."
"1",""
"1","- attr(*, ""names"")="
"1"," chr [1:3] "
"1",""
"1","""age"" ""femalepopulation"" ""year"""
"1",""
"1","
"
"1"," "
"1",""
"1","$ "
"1",""
"1",""
"1",""
"1",":"
"1"," Named chr [1:3] "
"1",""
"1","""20"" ""2763"" ""1992"""
"1",""
"1","
"
"1","  .."
"1",""
"1","- attr(*, ""names"")="
"1"," chr [1:3] "
"1",""
"1","""age"" ""femalepopulation"" ""year"""
"1",""
"1","
"
"1"," "
"1",""
"1","$ "
"1",""
"1",""
"1",""
"1",":"
"1"," Named chr [1:3] "
"1",""
"1","""21"" ""2647"" ""1992"""
"1",""
"1","
"
"1","  .."
"1",""
"1","- attr(*, ""names"")="
"1"," chr [1:3] "
"1",""
"1","""age"" ""femalepopulation"" ""year"""
"1",""
"1","
"
"1"," "
"1",""
"1","$ "
"1",""
"1",""
"1",""
"1",":"
"1"," Named chr [1:3] "
"1",""
"1","""22"" ""2271"" ""1992"""
"1",""
"1","
"
"1","  .."
"1",""
"1","- attr(*, ""names"")="
"1"," chr [1:3] "
"1",""
"1","""age"" ""femalepopulation"" ""year"""
"1",""
"1","
"
"1"," "
"1",""
"1","$ "
"1",""
"1",""
"1",""
"1",":"
"1"," Named chr [1:3] "
"1",""
"1","""23"" ""1884"" ""1992"""
"1",""
"1","
"
"1","  .."
"1",""
"1","- attr(*, ""names"")="
"1"," chr [1:3] "
"1",""
"1","""age"" ""femalepopulation"" ""year"""
"1",""
"1","
"
"1"," "
"1",""
"1","$ "
"1",""
"1",""
"1",""
"1",":"
"1"," Named chr [1:3] "
"1",""
"1","""24"" ""1778"" ""1992"""
"1",""
"1","
"
"1","  .."
"1",""
"1","- attr(*, ""names"")="
"1"," chr [1:3] "
"1",""
"1","""age"" ""femalepopulation"" ""year"""
"1",""
"1","
"
"1"," "
"1",""
"1","$ "
"1",""
"1",""
"1",""
"1",":"
"1"," Named chr [1:3] "
"1",""
"1","""25"" ""1874"" ""1992"""
"1",""
"1","
"
"1","  .."
"1",""
"1","- attr(*, ""names"")="
"1"," chr [1:3] "
"1",""
"1","""age"" ""femalepopulation"" ""year"""
"1",""
"1","
"
"1"," "
"1",""
"1","$ "
"1",""
"1",""
"1",""
"1",":"
"1"," Named chr [1:3] "
"1",""
"1","""26"" ""1958"" ""1992"""
"1",""
"1","
"
"1","  .."
"1",""
"1","- attr(*, ""names"")="
"1"," chr [1:3] "
"1",""
"1","""age"" ""femalepopulation"" ""year"""
"1",""
"1","
"
"1"," "
"1",""
"1","$ "
"1",""
"1",""
"1",""
"1",":"
"1"," Named chr [1:3] "
"1",""
"1","""27"" ""2116"" ""1992"""
"1",""
"1","
"
"1","  .."
"1",""
"1","- attr(*, ""names"")="
"1"," chr [1:3] "
"1",""
"1","""age"" ""femalepopulation"" ""year"""
"1",""
"1","
"
"1"," "
"1",""
"1","$ "
"1",""
"1",""
"1",""
"1",":"
"1"," Named chr [1:3] "
"1",""
"1","""28"" ""2085"" ""1992"""
"1",""
"1","
"
"1","  .."
"1",""
"1","- attr(*, ""names"")="
"1"," chr [1:3] "
"1",""
"1","""age"" ""femalepopulation"" ""year"""
"1",""
"1","
"
"1"," "
"1",""
"1","$ "
"1",""
"1",""
"1",""
"1",":"
"1"," Named chr [1:3] "
"1",""
"1","""29"" ""2285"" ""1992"""
"1",""
"1","
"
"1","  .."
"1",""
"1","- attr(*, ""names"")="
"1"," chr [1:3] "
"1",""
"1","""age"" ""femalepopulation"" ""year"""
"1",""
"1","
"
"1"," "
"1",""
"1","$ "
"1",""
"1",""
"1",""
"1",":"
"1"," Named chr [1:3] "
"1",""
"1","""30"" ""2338"" ""1992"""
"1",""
"1","
"
"1","  .."
"1",""
"1","- attr(*, ""names"")="
"1"," chr [1:3] "
"1",""
"1","""age"" ""femalepopulation"" ""year"""
"1",""
"1","
"
"1"," "
"1",""
"1","$ "
"1",""
"1",""
"1",""
"1",":"
"1"," Named chr [1:3] "
"1",""
"1","""31"" ""2263"" ""1992"""
"1",""
"1","
"
"1","  .."
"1",""
"1","- attr(*, ""names"")="
"1"," chr [1:3] "
"1",""
"1","""age"" ""femalepopulation"" ""year"""
"1",""
"1","
"
"1"," "
"1",""
"1","$ "
"1",""
"1",""
"1",""
"1",":"
"1"," Named chr [1:3] "
"1",""
"1","""32"" ""2282"" ""1992"""
"1",""
"1","
"
"1","  .."
"1",""
"1","- attr(*, ""names"")="
"1"," chr [1:3] "
"1",""
"1","""age"" ""femalepopulation"" ""year"""
"1",""
"1","
"
"1"," "
"1",""
"1","$ "
"1",""
"1",""
"1",""
"1",":"
"1"," Named chr [1:3] "
"1",""
"1","""33"" ""2302"" ""1992"""
"1",""
"1","
"
"1","  .."
"1",""
"1","- attr(*, ""names"")="
"1"," chr [1:3] "
"1",""
"1","""age"" ""femalepopulation"" ""year"""
"1",""
"1","
"
"1"," "
"1",""
"1","$ "
"1",""
"1",""
"1",""
"1",":"
"1"," Named chr [1:3] "
"1",""
"1","""34"" ""2363"" ""1992"""
"1",""
"1","
"
"1","  .."
"1",""
"1","- attr(*, ""names"")="
"1"," chr [1:3] "
"1",""
"1","""age"" ""femalepopulation"" ""year"""
"1",""
"1","
"
"1"," "
"1",""
"1","$ "
"1",""
"1",""
"1",""
"1",":"
"1"," Named chr [1:3] "
"1",""
"1","""35"" ""2279"" ""1992"""
"1",""
"1","
"
"1","  .."
"1",""
"1","- attr(*, ""names"")="
"1"," chr [1:3] "
"1",""
"1","""age"" ""femalepopulation"" ""year"""
"1",""
"1","
"
"1"," "
"1",""
"1","$ "
"1",""
"1",""
"1",""
"1",":"
"1"," Named chr [1:3] "
"1",""
"1","""36"" ""2257"" ""1992"""
"1",""
"1","
"
"1","  .."
"1",""
"1","- attr(*, ""names"")="
"1"," chr [1:3] "
"1",""
"1","""age"" ""femalepopulation"" ""year"""
"1",""
"1","
"
"1"," "
"1",""
"1","$ "
"1",""
"1",""
"1",""
"1",":"
"1"," Named chr [1:3] "
"1",""
"1","""37"" ""2316"" ""1992"""
"1",""
"1","
"
"1","  .."
"1",""
"1","- attr(*, ""names"")="
"1"," chr [1:3] "
"1",""
"1","""age"" ""femalepopulation"" ""year"""
"1",""
"1","
"
"1"," "
"1",""
"1","$ "
"1",""
"1",""
"1",""
"1",":"
"1"," Named chr [1:3] "
"1",""
"1","""38"" ""2207"" ""1992"""
"1",""
"1","
"
"1","  .."
"1",""
"1","- attr(*, ""names"")="
"1"," chr [1:3] "
"1",""
"1","""age"" ""femalepopulation"" ""year"""
"1",""
"1","
"
"1"," "
"1",""
"1","$ "
"1",""
"1",""
"1",""
"1",":"
"1"," Named chr [1:3] "
"1",""
"1","""39"" ""2259"" ""1992"""
"1",""
"1","
"
"1","  .."
"1",""
"1","- attr(*, ""names"")="
"1"," chr [1:3] "
"1",""
"1","""age"" ""femalepopulation"" ""year"""
"1",""
"1","
"
"1"," "
"1",""
"1","$ "
"1",""
"1",""
"1",""
"1",":"
"1"," Named chr [1:3] "
"1",""
"1","""40"" ""2204"" ""1992"""
"1",""
"1","
"
"1","  .."
"1",""
"1","- attr(*, ""names"")="
"1"," chr [1:3] "
"1",""
"1","""age"" ""femalepopulation"" ""year"""
"1",""
"1","
"
"1"," "
"1",""
"1","$ "
"1",""
"1",""
"1",""
"1",":"
"1"," Named chr [1:3] "
"1",""
"1","""20"" ""2802"" ""1993"""
"1",""
"1","
"
"1","  .."
"1",""
"1","- attr(*, ""names"")="
"1"," chr [1:3] "
"1",""
"1","""age"" ""femalepopulation"" ""year"""
"1",""
"1","
"
"1"," "
"1",""
"1","$ "
"1",""
"1",""
"1",""
"1",":"
"1"," Named chr [1:3] "
"1",""
"1","""21"" ""2694"" ""1993"""
"1",""
"1","
"
"1","  .."
"1",""
"1","- attr(*, ""names"")="
"1"," chr [1:3] "
"1",""
"1","""age"" ""femalepopulation"" ""year"""
"1",""
"1","
"
"1"," "
"1",""
"1","$ "
"1",""
"1",""
"1",""
"1",":"
"1"," Named chr [1:3] "
"1",""
"1","""22"" ""2350"" ""1993"""
"1",""
"1","
"
"1","  .."
"1",""
"1","- attr(*, ""names"")="
"1"," chr [1:3] "
"1",""
"1","""age"" ""femalepopulation"" ""year"""
"1",""
"1","
"
"1"," "
"1",""
"1","$ "
"1",""
"1",""
"1",""
"1",":"
"1"," Named chr [1:3] "
"1",""
"1","""23"" ""1949"" ""1993"""
"1",""
"1","
"
"1","  .."
"1",""
"1","- attr(*, ""names"")="
"1"," chr [1:3] "
"1",""
"1","""age"" ""femalepopulation"" ""year"""
"1",""
"1","
"
"1"," "
"1",""
"1","$ "
"1",""
"1",""
"1",""
"1",":"
"1"," Named chr [1:3] "
"1",""
"1","""24"" ""1841"" ""1993"""
"1",""
"1","
"
"1","  .."
"1",""
"1","- attr(*, ""names"")="
"1"," chr [1:3] "
"1",""
"1","""age"" ""femalepopulation"" ""year"""
"1",""
"1","
"
"1"," "
"1",""
"1","$ "
"1",""
"1",""
"1",""
"1",":"
"1"," Named chr [1:3] "
"1",""
"1","""25"" ""1927"" ""1993"""
"1",""
"1","
"
"1","  .."
"1",""
"1","- attr(*, ""names"")="
"1"," chr [1:3] "
"1",""
"1","""age"" ""femalepopulation"" ""year"""
"1",""
"1","
"
"1"," "
"1",""
"1","$ "
"1",""
"1",""
"1",""
"1",":"
"1"," Named chr [1:3] "
"1",""
"1","""26"" ""1993"" ""1993"""
"1",""
"1","
"
"1","  .."
"1",""
"1","- attr(*, ""names"")="
"1"," chr [1:3] "
"1",""
"1","""age"" ""femalepopulation"" ""year"""
"1",""
"1","
"
"1"," "
"1",""
"1","$ "
"1",""
"1",""
"1",""
"1",":"
"1"," Named chr [1:3] "
"1",""
"1","""27"" ""2152"" ""1993"""
"1",""
"1","
"
"1","  .."
"1",""
"1","- attr(*, ""names"")="
"1"," chr [1:3] "
"1",""
"1","""age"" ""femalepopulation"" ""year"""
"1",""
"1","
"
"1"," "
"1",""
"1","$ "
"1",""
"1",""
"1",""
"1",":"
"1"," Named chr [1:3] "
"1",""
"1","""28"" ""2129"" ""1993"""
"1",""
"1","
"
"1","  .."
"1",""
"1","- attr(*, ""names"")="
"1"," chr [1:3] "
"1",""
"1","""age"" ""femalepopulation"" ""year"""
"1",""
"1","
"
"1"," "
"1",""
"1","$ "
"1",""
"1",""
"1",""
"1",":"
"1"," Named chr [1:3] "
"1",""
"1","""29"" ""2307"" ""1993"""
"1",""
"1","
"
"1","  .."
"1",""
"1","- attr(*, ""names"")="
"1"," chr [1:3] "
"1",""
"1","""age"" ""femalepopulation"" ""year"""
"1",""
"1","
"
"1"," "
"1",""
"1","$ "
"1",""
"1",""
"1",""
"1",":"
"1"," Named chr [1:3] "
"1",""
"1","""30"" ""2377"" ""1993"""
"1",""
"1","
"
"1","  .."
"1",""
"1","- attr(*, ""names"")="
"1"," chr [1:3] "
"1",""
"1","""age"" ""femalepopulation"" ""year"""
"1",""
"1","
"
"1"," "
"1",""
"1","$ "
"1",""
"1",""
"1",""
"1",":"
"1"," Named chr [1:3] "
"1",""
"1","""31"" ""2283"" ""1993"""
"1",""
"1","
"
"1","  .."
"1",""
"1","- attr(*, ""names"")="
"1"," chr [1:3] "
"1",""
"1","""age"" ""femalepopulation"" ""year"""
"1",""
"1","
"
"1"," "
"1",""
"1","$ "
"1",""
"1",""
"1",""
"1",":"
"1"," Named chr [1:3] "
"1",""
"1","""32"" ""2287"" ""1993"""
"1",""
"1","
"
"1","  .."
"1",""
"1","- attr(*, ""names"")="
"1"," chr [1:3] "
"1",""
"1","""age"" ""femalepopulation"" ""year"""
"1",""
"1","
"
"1"," "
"1",""
"1","$ "
"1",""
"1",""
"1",""
"1",":"
"1"," Named chr [1:3] "
"1",""
"1","""33"" ""2316"" ""1993"""
"1",""
"1","
"
"1","  .."
"1",""
"1","- attr(*, ""names"")="
"1"," chr [1:3] "
"1",""
"1","""age"" ""femalepopulation"" ""year"""
"1",""
"1","
"
"1"," "
"1",""
"1","$ "
"1",""
"1",""
"1",""
"1",":"
"1"," Named chr [1:3] "
"1",""
"1","""34"" ""2366"" ""1993"""
"1",""
"1","
"
"1","  .."
"1",""
"1","- attr(*, ""names"")="
"1"," chr [1:3] "
"1",""
"1","""age"" ""femalepopulation"" ""year"""
"1",""
"1","
"
"1"," "
"1",""
"1","$ "
"1",""
"1",""
"1",""
"1",":"
"1"," Named chr [1:3] "
"1",""
"1","""35"" ""2314"" ""1993"""
"1",""
"1","
"
"1","  .."
"1",""
"1","- attr(*, ""names"")="
"1"," chr [1:3] "
"1",""
"1","""age"" ""femalepopulation"" ""year"""
"1",""
"1","
"
"1"," "
"1",""
"1","$ "
"1",""
"1",""
"1",""
"1",":"
"1"," Named chr [1:3] "
"1",""
"1","""36"" ""2298"" ""1993"""
"1",""
"1","
"
"1","  .."
"1",""
"1","- attr(*, ""names"")="
"1"," chr [1:3] "
"1",""
"1","""age"" ""femalepopulation"" ""year"""
"1",""
"1","
"
"1"," "
"1",""
"1","$ "
"1",""
"1",""
"1",""
"1",":"
"1"," Named chr [1:3] "
"1",""
"1","""37"" ""2370"" ""1993"""
"1",""
"1","
"
"1","  .."
"1",""
"1","- attr(*, ""names"")="
"1"," chr [1:3] "
"1",""
"1","""age"" ""femalepopulation"" ""year"""
"1",""
"1","
"
"1"," "
"1",""
"1","$ "
"1",""
"1",""
"1",""
"1",":"
"1"," Named chr [1:3] "
"1",""
"1","""38"" ""2270"" ""1993"""
"1",""
"1","
"
"1","  .."
"1",""
"1","- attr(*, ""names"")="
"1"," chr [1:3] "
"1",""
"1","""age"" ""femalepopulation"" ""year"""
"1",""
"1","
"
"1"," "
"1",""
"1","$ "
"1",""
"1",""
"1",""
"1",":"
"1"," Named chr [1:3] "
"1",""
"1","""39"" ""2326"" ""1993"""
"1",""
"1","
"
"1","  .."
"1",""
"1","- attr(*, ""names"")="
"1"," chr [1:3] "
"1",""
"1","""age"" ""femalepopulation"" ""year"""
"1",""
"1","
"
"1"," "
"1",""
"1","$ "
"1",""
"1",""
"1",""
"1",":"
"1"," Named chr [1:3] "
"1",""
"1","""40"" ""2289"" ""1993"""
"1",""
"1","
"
"1","  .."
"1",""
"1","- attr(*, ""names"")="
"1"," chr [1:3] "
"1",""
"1","""age"" ""femalepopulation"" ""year"""
"1",""
"1","
"
"1"," "
"1",""
"1","$ "
"1",""
"1",""
"1",""
"1",":"
"1"," Named chr [1:3] "
"1",""
"1","""20"" ""2799"" ""1994"""
"1",""
"1","
"
"1","  .."
"1",""
"1","- attr(*, ""names"")="
"1"," chr [1:3] "
"1",""
"1","""age"" ""femalepopulation"" ""year"""
"1",""
"1","
"
"1"," "
"1",""
"1","$ "
"1",""
"1",""
"1",""
"1",":"
"1"," Named chr [1:3] "
"1",""
"1","""21"" ""2701"" ""1994"""
"1",""
"1","
"
"1","  .."
"1",""
"1","- attr(*, ""names"")="
"1"," chr [1:3] "
"1",""
"1","""age"" ""femalepopulation"" ""year"""
"1",""
"1","
"
"1"," "
"1",""
"1","$ "
"1",""
"1",""
"1",""
"1",":"
"1"," Named chr [1:3] "
"1",""
"1","""22"" ""2395"" ""1994"""
"1",""
"1","
"
"1","  .."
"1",""
"1","- attr(*, ""names"")="
"1"," chr [1:3] "
"1",""
"1","""age"" ""femalepopulation"" ""year"""
"1",""
"1","
"
"1"," "
"1",""
"1","$ "
"1",""
"1",""
"1",""
"1",":"
"1"," Named chr [1:3] "
"1",""
"1","""23"" ""1986"" ""1994"""
"1",""
"1","
"
"1","  .."
"1",""
"1","- attr(*, ""names"")="
"1"," chr [1:3] "
"1",""
"1","""age"" ""femalepopulation"" ""year"""
"1",""
"1","
"
"1"," "
"1",""
"1","$ "
"1",""
"1",""
"1",""
"1",":"
"1"," Named chr [1:3] "
"1",""
"1","""24"" ""1878"" ""1994"""
"1",""
"1","
"
"1","  .."
"1",""
"1","- attr(*, ""names"")="
"1"," chr [1:3] "
"1",""
"1","""age"" ""femalepopulation"" ""year"""
"1",""
"1","
"
"1"," "
"1",""
"1","$ "
"1",""
"1",""
"1",""
"1",":"
"1"," Named chr [1:3] "
"1",""
"1","""25"" ""1952"" ""1994"""
"1",""
"1","
"
"1","  .."
"1",""
"1","- attr(*, ""names"")="
"1"," chr [1:3] "
"1",""
"1","""age"" ""femalepopulation"" ""year"""
"1",""
"1","
"
"1"," "
"1",""
"1","$ "
"1",""
"1",""
"1",""
"1",":"
"1"," Named chr [1:3] "
"1",""
"1","""26"" ""1999"" ""1994"""
"1",""
"1","
"
"1","  .."
"1",""
"1","- attr(*, ""names"")="
"1"," chr [1:3] "
"1",""
"1","""age"" ""femalepopulation"" ""year"""
"1",""
"1","
"
"1"," "
"1",""
"1","$ "
"1",""
"1",""
"1",""
"1",":"
"1"," Named chr [1:3] "
"1",""
"1","""27"" ""2156"" ""1994"""
"1",""
"1","
"
"1","  .."
"1",""
"1","- attr(*, ""names"")="
"1"," chr [1:3] "
"1",""
"1","""age"" ""femalepopulation"" ""year"""
"1",""
"1","
"
"1"," "
"1",""
"1","$ "
"1",""
"1",""
"1",""
"1",":"
"1"," Named chr [1:3] "
"1",""
"1","""28"" ""2142"" ""1994"""
"1",""
"1","
"
"1","  .."
"1",""
"1","- attr(*, ""names"")="
"1"," chr [1:3] "
"1",""
"1","""age"" ""femalepopulation"" ""year"""
"1",""
"1","
"
"1"," "
"1",""
"1","$ "
"1",""
"1",""
"1",""
"1",":"
"1"," Named chr [1:3] "
"1",""
"1","""29"" ""2293"" ""1994"""
"1",""
"1","
"
"1","  .."
"1",""
"1","- attr(*, ""names"")="
"1"," chr [1:3] "
"1",""
"1","""age"" ""femalepopulation"" ""year"""
"1",""
"1","
"
"1"," "
"1",""
"1","$ "
"1",""
"1",""
"1",""
"1",":"
"1"," Named chr [1:3] "
"1",""
"1","""30"" ""2381"" ""1994"""
"1",""
"1","
"
"1","  .."
"1",""
"1","- attr(*, ""names"")="
"1"," chr [1:3] "
"1",""
"1","""age"" ""femalepopulation"" ""year"""
"1",""
"1","
"
"1"," "
"1",""
"1","$ "
"1",""
"1",""
"1",""
"1",":"
"1"," Named chr [1:3] "
"1",""
"1","""31"" ""2268"" ""1994"""
"1",""
"1","
"
"1","  .."
"1",""
"1","- attr(*, ""names"")="
"1"," chr [1:3] "
"1",""
"1","""age"" ""femalepopulation"" ""year"""
"1",""
"1","
"
"1"," "
"1",""
"1","$ "
"1",""
"1",""
"1",""
"1",":"
"1"," Named chr [1:3] "
"1",""
"1","""32"" ""2255"" ""1994"""
"1",""
"1","
"
"1","  .."
"1",""
"1","- attr(*, ""names"")="
"1"," chr [1:3] "
"1",""
"1","""age"" ""femalepopulation"" ""year"""
"1",""
"1","
"
"1"," "
"1",""
"1","$ "
"1",""
"1",""
"1",""
"1",":"
"1"," Named chr [1:3] "
"1",""
"1","""33"" ""2295"" ""1994"""
"1",""
"1","
"
"1","  .."
"1",""
"1","- attr(*, ""names"")="
"1"," chr [1:3] "
"1",""
"1","""age"" ""femalepopulation"" ""year"""
"1",""
"1","
"
"1"," "
"1",""
"1","$ "
"1",""
"1",""
"1",""
"1",":"
"1"," Named chr [1:3] "
"1",""
"1","""34"" ""2332"" ""1994"""
"1",""
"1","
"
"1","  .."
"1",""
"1","- attr(*, ""names"")="
"1"," chr [1:3] "
"1",""
"1","""age"" ""femalepopulation"" ""year"""
"1",""
"1","
"
"1"," "
"1"," "
"1","[list output truncated]
"
